--En caso de querer eliminar tabla, correr lo siguiente


INSERT INTO Facultad
	VALUES ('FCT', 'fct@utp.ac.pa', 'lunes a viernes 8:00 a.m. - 5:00 p.m.', 3, 1)
INSERT INTO Facultad
	VALUES ('FIC', 'fic@utp.ac.pa', 'lunes a viernes 8:00 a.m. - 7:00 p.m.', 1, 1)
INSERT INTO Facultad
	VALUES ('FIE', 'fie@utp.ac.pa', 'lunes a viernes 9:00 a.m. - 7:00 p.m.', 1, 2)
INSERT INTO Facultad
	VALUES ('FII', 'fii@utp.ac.pa', 'lunes a viernes 8:00 a.m. - 9:00 p.m.', 1, 4)
INSERT INTO Facultad
	VALUES ('FIM', 'fim@utp.ac.pa', 'lunes a viernes 8:30 a.m. - 3:30 p.m.', 1, 3)
INSERT INTO Facultad
	VALUES ('FISC', 'fisc@utp.ac.pa', 'lunes a viernes 8:00 a.m. - 7:00 p.m.', 3, 2)


INSERT INTO Estudiante
	VALUES ('8-1055-701', 'Genesis', 'Vitale', 'genesis.vitale@utp.ac.pa', '12345', 'PANAMEÑA',
			'Juan Díaz', 1, 3.00, 'NO', 'FIC')
INSERT INTO Estudiante
	VALUES ('8-938-925', 'Felipe', 'Loo', 'felipe.loo@utp.ac.pa', '67891', 'PANAMEÑA',
			'Betania', 1, 3.00, 'NO', 'FIM')
INSERT INTO Estudiante
	VALUES ('8-937-1640', 'Juan', 'Navarro', 'juan.navarro@utp.ac.pa', '23456', 'PANAMEÑA',
			'Chanis', 1, 3.00, 'NO', 'FISC')
INSERT INTO Estudiante
	VALUES ('8-952-2444', 'Kevin', 'Coronado', 'kevin.coronado@utp.ac.pa', '89789', 'PANAMEÑA',
			'Betania', 1, 3.00, 'NO', 'FISC')
INSERT INTO Estudiante
	VALUES ('8-965-885', 'Fernando', 'Corrales', 'fernando.corrales@utp.ac.pa', '24875', 'PANAMEÑA',
			'Brisas del Golf', 1, 3.00, 'NO', 'FII')
INSERT INTO Estudiante
	VALUES ('4-445-6780', 'Raul', 'Murillo', 'raul.murillo@utp.ac.pa', '99087', 'PANAMEÑA',
			'David', 1, 3.00, 'NO', 'FIE')
INSERT INTO Estudiante
	VALUES ('1-934-532', 'Laura', 'Mendez', 'laura.mendez@utp.ac.pa', '23314', 'PANAMEÑA',
			'Changuinola', 1, 3.00, 'NO', 'FII')
INSERT INTO Estudiante
	VALUES ('8-293-123', 'Oliver', 'Jhonson', 'oliver.jhonson@utp.ac.pa', '67758', 'PANAMEÑA',
			'San Miguelito', 1, 3.00, 'NO', 'FISC')
INSERT INTO Estudiante
	VALUES ('4-843-900', 'Maria', 'Rocio', 'maria.rocio@utp.ac.pa', '83529', 'PANAMEÑA',
			'Boquete', 1, 3.00, 'NO', 'FIM')
INSERT INTO Estudiante
	VALUES ('3-422-4556', 'Alex', 'Moreno', 'alex.moreno@utp.ac.pa', '12489', 'PANAMEÑA',
			'Portobelo', 1, 3.00, 'NO', 'FCT')
INSERT INTO Estudiante
	VALUES ('8-240-9380', 'John', 'Mason', 'john.mason@utp.ac.pa', '17380', 'PANAMEÑA',
			'Linda Vista', 1, 3.00, 'NO', 'FIC')
INSERT INTO Estudiante
	VALUES ('8-376-0980', 'Luis', 'Ortega', 'luis.ortega@utp.ac.pa', '26790', 'PANAMEÑA',
			'Tocumen', 1, 3.00, 'NO', 'FISC')
INSERT INTO Estudiante
	VALUES ('1-364-480', 'Bryan', 'Chen', 'bryan.chen@utp.ac.pa', '36659', 'PANAMEÑA',
			'Bocas del Toro', 1, 3.00, 'NO', 'FISC')
INSERT INTO Estudiante
	VALUES ('PE-015-0608', 'Vivian', 'Guevara', 'vivian.guevara@utp.ac.pa', '49048', 'EXTRANJERA',
			'Pinogama', 1, 3.00, 'NO', 'FIM')
INSERT INTO Estudiante
	VALUES ('3-230-2220', 'Miranda', 'Flores', 'miranda.flores@utp.ac.pa', '52729', 'PANAMEÑA',
			'Donoso', 1, 3.00, 'NO', 'FISC')

INSERT INTO Carrera
	VALUES ('LICENCIATURA EN INGENIERÍA AMBIENTAL', '10 semestres y 2 veranos', 591.30, 'diurno')
INSERT INTO Carrera
	VALUES ('LICENCIATURA EN INGENIERÍA CIVIL', '10 semestres', 605.50, 'diurno')
INSERT INTO Carrera
	VALUES ('LICENCIATURA EN INGENIERÍA GEOMÁTICA', '8 semestres y 4 veranos', 552.40, 'diurno')
INSERT INTO Carrera
	VALUES ('LICENCIATURA EN INGENIERÍA MARÍTIMA PORTUARIA', '10 semestres y 4 veranos', 620.00, 'diurno')
INSERT INTO Carrera
	VALUES ('LICENCIATURA EN INGENIERÍA GEOLÓGICA', '10 semestres y 5 veranos', 650.50, 'diurno')
INSERT INTO Carrera
	VALUES ('LICENCIATURA EN INGENIERÍA ELÉCTRICA Y ELECTRÓNICA', '10 semestres', 575.80, 'diurno/nocturno')
INSERT INTO Carrera
	VALUES ('LICENCIATURA EN INGENIERÍA ELÉCTRICA', '8 semestres', 508.90, 'diurno')
INSERT INTO Carrera
	VALUES ('LICENCIATURA EN INGENIERÍA ELECTROMECÁNICA', '10 semestres', 636.90, 'diurno/nocturno')
INSERT INTO Carrera
	VALUES ('LICENCIATURA EN INGENIERÍA ELECTRÓNICA Y TELECOMUNICACIONES', '10 semestres', 605.80, 'diurno')
INSERT INTO Carrera
	VALUES ('LICENCIATURA EN INGENIERÍA INDUSTRIAL', '10 semestres', 455.80, 'diurno/nocturno')
INSERT INTO Carrera
	VALUES ('LICENCIATURA EN INGENIERÍA MECÁNICA INDUSTRIAL', '10 semestres', 515.80, 'diurno')
INSERT INTO Carrera
	VALUES ('LICENCIATURA EN INGENIERÍA LOGÍSTICA Y CADENA DE SUMINISTRO', '9 semestres', 460.80, 'diurno')
INSERT INTO Carrera
	VALUES ('LICENCIATURA EN INGENIERÍA MECÁNICA', '10 semestres y 2 veranos', 602.60, 'diurno')
INSERT INTO Carrera
	VALUES ('LICENCIATURA EN INGENIERÍA DE MANTENIMIENTO', '9 semestres', 497.00, 'diurno/nocturno')
INSERT INTO Carrera
	VALUES ('LICENCIATURA EN INGENIERÍA DE ENERGÍA Y AMBIENTE', '10 semestres y 2 veranos', 663.70, 'diurno')
INSERT INTO Carrera
	VALUES ('LICENCIATURA EN INGENIERÍA NAVAL', '10 semestres y 2 veranos', 621.90, 'diurno')
INSERT INTO Carrera
	VALUES ('LICENCIATURA EN INGENIERÍA AERONÁUTICA', '10 semestres y 2 veranos', 621.00, 'diurno')
INSERT INTO Carrera
	VALUES ('LICENCIATURA EN INGENIERÍA DE SISTEMAS DE INFORMACIÓN', '9 semestres', 571.50, 'diurno')
INSERT INTO Carrera
	VALUES ('LICENCIATURA EN INGENIERÍA DE SISTEMAS Y COMPUTACIÓN', '9 semestres', 601.50, 'diurno')
INSERT INTO Carrera
	VALUES ('LICENCIATURA EN INGENIERÍA DE SOFTWARE', '9 semestres', 526.00, 'diurno')
INSERT INTO Carrera
	VALUES ('LICENCIATURA EN INGENIERÍA EN ALIMENTOS', '10 semestres', 575.80, 'diurno')
INSERT INTO Carrera
	VALUES ('LICENCIATURA EN INGENIERÍA FORESTAL', '10 semestres y 4 veranos', 742.20, 'diurno')

INSERT INTO Grupo
	VALUES ('1IB701', 'I', 'matutino')
INSERT INTO Grupo
	VALUES ('1IB702', 'I', 'matutino')

INSERT INTO Grupo
	VALUES ('1IC701', 'I', 'matutino')
INSERT INTO Grupo
	VALUES ('1IC702', 'I', 'matutino')
INSERT INTO Grupo
	VALUES ('1IC703', 'I', 'vespertino')

INSERT INTO Grupo
	VALUES ('1IG701', 'I', 'vespertino')

INSERT INTO Grupo
	VALUES ('11L701', 'I', 'matutino')
INSERT INTO Grupo
	VALUES ('11L702', 'I', 'matutino')

INSERT INTO Grupo
	VALUES ('1G1701', 'I', 'vespertino')

INSERT INTO Grupo
	VALUES ('1EE701', 'I', 'matutino')

INSERT INTO Grupo
	VALUES ('1GG701', 'I', 'matutino')

INSERT INTO Grupo
	VALUES ('1IE701', 'I', 'matutino')
INSERT INTO Grupo
	VALUES ('1IE702', 'I', 'matutino')
INSERT INTO Grupo
	VALUES ('1IE703', 'I', 'vespertino')
INSERT INTO Grupo
	VALUES ('1IE704', 'I', 'vespertino')
INSERT INTO Grupo
	VALUES ('1IE705', 'I', 'matutino')

INSERT INTO Grupo
	VALUES ('1IT701', 'I', 'matutino')

INSERT INTO Grupo
	VALUES ('1II111', 'I', 'matutino')
INSERT INTO Grupo
	VALUES ('1II112', 'I', 'matutino')
INSERT INTO Grupo
	VALUES ('1II113', 'I', 'matutino')
INSERT INTO Grupo
	VALUES ('1II114', 'I', 'matutino')
INSERT INTO Grupo
	VALUES ('1II115', 'I', 'matutino')
INSERT INTO Grupo
	VALUES ('1II116', 'I', 'matutino')
INSERT INTO Grupo
	VALUES ('1II117', 'I', 'matutino')

INSERT INTO Grupo
	VALUES ('1MI701', 'I', 'matutino')

INSERT INTO Grupo
	VALUES ('1CL701', 'I', 'matutino')
INSERT INTO Grupo
	VALUES ('1CL702', 'I', 'matutino')

INSERT INTO Grupo
	VALUES ('1IM701', 'I', 'matutino')
INSERT INTO Grupo
	VALUES ('1IM702', 'I', 'matutino')

INSERT INTO Grupo
	VALUES ('1LX911', 'I', 'vespertino')

INSERT INTO Grupo
	VALUES ('1EM701', 'I', 'matutino')

INSERT INTO Grupo
	VALUES ('1NI701', 'I', 'matutino')
INSERT INTO Grupo
	VALUES ('1NI702', 'I', 'matutino')

INSERT INTO Grupo
	VALUES ('1AA701', 'I', 'matutino')
INSERT INTO Grupo
	VALUES ('1AA702', 'I', 'matutino')
INSERT INTO Grupo
	VALUES ('1AA703', 'I', 'vespertino')

INSERT INTO Grupo
	VALUES ('1IF701', 'I', 'matutino')
INSERT INTO Grupo
	VALUES ('1IF702', 'I', 'matutino')

INSERT INTO Grupo
	VALUES ('1IL701', 'I', 'matutino')
INSERT INTO Grupo
	VALUES ('1IL702', 'I', 'matutino')
INSERT INTO Grupo
	VALUES ('1IL703', 'I', 'matutino')
INSERT INTO Grupo
	VALUES ('1IL704', 'I', 'matutino')
INSERT INTO Grupo
	VALUES ('1IL705', 'I', 'vespertino')
INSERT INTO Grupo
	VALUES ('1IL706', 'I', 'vespertino')

INSERT INTO Grupo
	VALUES ('1SF701', 'I', 'matutino')
INSERT INTO Grupo
	VALUES ('1SF702', 'I', 'matutino')
INSERT INTO Grupo
	VALUES ('1SF703', 'I', 'vespertino')
INSERT INTO Grupo
	VALUES ('1SF704', 'I', 'vespertino')
INSERT INTO Grupo
	VALUES ('1SF705', 'I', 'vespertino')

INSERT INTO Grupo
	VALUES ('1LI711', 'I', 'matutino')

INSERT INTO Grupo
	VALUES ('1FI701', 'I', 'matutino')

INSERT INTO Asignatura
	VALUES ('7987', 'CÁLCULO I', ' ', 5)
INSERT INTO Asignatura
	VALUES ('7980', 'QUÍMICA GENERAL I', ' ', 4)
INSERT INTO Asignatura
	VALUES ('8718', 'TÓPICOS DE GEOGRAFÍA E HIST. DE PANAMÁ', ' ', 2)
INSERT INTO Asignatura
	VALUES ('7982', 'PRINCIPIOS DE ECONOMÍA', ' ', 4)
INSERT INTO Asignatura
	VALUES ('0069', 'REPRESENTACIONES GRÁFICAS', ' ', 4)
INSERT INTO Asignatura
	VALUES ('0742', 'REDACCIÓN DE INFORMES Y EXPRESIÓN ORAL', ' ', 3)
INSERT INTO Asignatura
	VALUES ('1184', 'COMUNICACIÓN ORAL Y ESCRITA', ' ', 3)
INSERT INTO Asignatura
	VALUES ('7107', 'QUÍMICA GENERAL PARA INGENIEROS', ' ', 6)
INSERT INTO Asignatura
	VALUES ('0862', 'PROGRAMACIÓN', ' ', 5)
INSERT INTO Asignatura
	VALUES ('0764', 'SOCIOLOGÍA', ' ', 3)
INSERT INTO Asignatura
	VALUES ('3015', 'PROGRAMACIÓN DE COMPUTADORAS I', ' ', 4)
INSERT INTO Asignatura
	VALUES ('3016', 'IDIOMA I (ESPAÑOL)', ' ', 3)
INSERT INTO Asignatura
	VALUES ('8890', 'DIB. LINEAL Y MEC. ASISTIDO POR COMPUT.', ' ', 5)
INSERT INTO Asignatura
	VALUES ('3020', 'ADMINISTRACIÓN', ' ', 3)
INSERT INTO Asignatura
	VALUES ('0998', 'INTRODUCCIÓN A LA CADENA DE SUMINISTRO', ' ', 3)
INSERT INTO Asignatura
	VALUES ('0999', 'PROGRAMACIÓN I', ' ', 4)
INSERT INTO Asignatura
	VALUES ('0628', 'INGLÉS CIENTÍFICO', ' ', 3)
INSERT INTO Asignatura
	VALUES ('7892', 'COMPUTADORA EN INGENIERÍA MECÁNICA', ' ', 3)
INSERT INTO Asignatura
	VALUES ('7979', 'DIBUJO LINEAL Y GEOMETRÍA DESCRIPTIVA', ' ', 4)
INSERT INTO Asignatura
	VALUES ('8353', 'TECNOLOGÍA DE INFORMACIÓN Y COMUNICAC.', '*', 4)
INSERT INTO Asignatura
	VALUES ('0741', 'DESARROLLO LÓGICO Y ALGORITMOS', '*', 4)
INSERT INTO Asignatura
	VALUES ('0744', 'INGLÉS CONVERSACIONAL', ' ', 5)
INSERT INTO Asignatura
	VALUES ('0855', 'DIBUJO ASISTIDO POR COMPUTADORAS', ' ', 3)
INSERT INTO Asignatura
	VALUES ('5000', 'INTRODUCCIÓN A LA TEORÍA COMPUTACIONAL', '*', 4)
INSERT INTO Asignatura
	VALUES ('0589', 'GLOBALIZACIÓN DEL SOFTWARE', '*', 4)
INSERT INTO Asignatura
	VALUES ('0593', 'INGLÉS I', ' ', 3)
INSERT INTO Asignatura
	VALUES ('0599', 'TRABAJO EN EQUIPO Y LIDERAZGO', '*', 3)
INSERT INTO Asignatura
	VALUES ('8355', 'INGLÉS I', ' ', 3)
INSERT INTO Asignatura
	VALUES ('1300', 'PROGRAMACIÓN DE COMPUTADORAS', ' ', 3)
INSERT INTO Asignatura
	VALUES ('1200', 'INTRODUCCIÓN A LAS CIENCIAS FORESTALES', ' ', 3)
INSERT INTO Asignatura
	VALUES ('8700', 'PROGRAMACIÓN DE COMPUTADORAS', ' ', 3)


/*Sistemas y comp*/

INSERT INTO Docente
VALUES ('8-281-134', 'MITZI', 'VELASQUEZ','mitzi.murillo@utp.ac.pa','REGULAR TITULAR','COMPLETO')

INSERT INTO Docente
VALUES ('8-783-1534', 'DIANA', 'GUTIERREZ','diana.gutierrez@utp.ac.pa','REGULAR TITULAR','COMPLETO')

INSERT INTO Docente
VALUES ('8-850-048', 'DALIDA', 'SINGH', 'dalida.singh@utp.ac.pa','REGULAR TITULAR','COMPLETO')

INSERT INTO Docente
VALUES ('8-222-2054', 'DIGNA', 'POLO', 'digna.sugasti@utp.ac.pa','INSTRUCTOR A-3','COMPLETO')

INSERT INTO Docente
VALUES ('2-079-1239', 'MIRIAM', 'BLACKBURN', 'miriam.pimentel@utp.ac.pa','ESPECIAL EVENTUAL','PARCIAL')

INSERT INTO Docente
VALUES ('8-0281-0630', 'LAILA', 'FUERTES', 'laila.vargas@utp.ac.pa','REGULAR TITULAR','PARCIAL')

INSERT INTO Docente
VALUES ('2-0098-02372', 'LUDIA', 'GOMEZ', 'ludia.gomez@utp.ac.pa','REGULAR TITULAR','PARCIAL')

INSERT INTO Docente
VALUES ('8-0541-01644', 'JOSE', 'CHACON', 'jose.chacon3@utp.ac.pa','REGULAR TITULAR','PARCIAL')

INSERT INTO Docente
VALUES ('8-0290-00597', 'CESAR', 'PALACIOS', 'cesar.palacios@utp.ac.pa','INSTRUCTOR A-3','COMPLETO')

INSERT INTO Docente
VALUES ('8-781-2086', 'GIANKARIS', 'MORENO', 'giankaris.moreno@utp.ac.pa','ESPECIAL EVENTUAL','COMPLETO')

INSERT INTO Docente
VALUES ('8-708-2079', 'MARISOL', 'ESCOBAR', 'marisol.escobar@utp.ac.pa','ESPECIAL EVENTUAL','COMPLETO')

INSERT INTO Docente
VALUES ('8-783-1595', 'LETICIA', 'SERRANO', 'leticia.serrano1@utp.ac.pa','REGULAR TITULAR','COMPLETO')

INSERT INTO Docente
VALUES ('8-168-719', 'RODRIGO', 'QUEZADA', 'rodrigo.quezada2@utp.ac.pa','REGULAR TITULAR','COMPLETO')

INSERT INTO Docente
VALUES ('9-079-2054', 'ANAIS', 'RODRIGUEZ', 'anais.rodriguez@utp.ac.pa','REGULAR TITULAR','COMPLETO')

INSERT INTO Docente
VALUES ('8-485-108', 'MANUEL', 'RODRIGUEZ', 'manuel.rodriguez@utp.ac.pa','REGULAR TITULAR','COMPLETO')

INSERT INTO Docente
VALUES ('7-088-1042', 'DILSA', 'VERGARA', 'dilsa.vergara@utp.ac.pa','ESPECIAL EVENTUAL','PARCIAL')

INSERT INTO Docente
VALUES ('2-702-1763', 'ALEJANDRA ', 'TORRES', 'alejandra.torres@utp.ac.pa','ESPECIAL EVENTUAL','PARCIAL')

INSERT INTO Docente
VALUES ('8-0386-00337', 'YUBAN', 'RAMOS', 'yuban.ramos@utp.ac.pa','INSTRUCTOR A-3','PARCIAL')

INSERT INTO Docente
VALUES ('8-515-027', 'YESENIA', 'BATISTA', 'yesenia.batista@utp.ac.pa','INSTRUCTOR A-3','PARCIAL')

INSERT INTO Docente
VALUES ('9-083-2431', 'EMILIO', 'BATISTA', 'emilio.batista1@utp.ac.pa','ESPECIAL EVENTUAL','PARCIAL')

INSERT INTO Docente
VALUES ('8-192-0693', 'JORGE', 'SANTANA', 'jorge.santana2@utp.ac.pa','REGULAR TITULAR','COMPLETO')

INSERT INTO Docente
VALUES ('7-084-0745', 'BEVERLY', 'HUNT', 'beverly.hunt@utp.ac.pa','INSTRUCTOR A-1','COMPLETO')

INSERT INTO Docente
VALUES ('8-333-549', 'MARGARITA', 'CUMBRERA', 'margarita.torres@utp.ac.pa','REGULAR TITULAR','COMPLETO')

INSERT INTO Docente
VALUES ('6-059-502', 'MARTIN', 'PERALTA', 'martin.peralta@utp.ac.pa','ESPECIAL EXTRAORDINARIO','PARCIAL')

INSERT INTO Docente
VALUES ('7-094-075', 'JEREMIAS', 'HERRERA', 'jeremias.herrera@utp.ac.pa','REGULAR TITULAR','COMPLETO')

INSERT INTO Docente
VALUES ('9-706-1712', 'BELSIS', 'VAZQUEZ', 'belsis.devazquez@utp.ac.pa','INSTRUCTOR A-3','COMPLETO')

INSERT INTO Docente
VALUES ('8-314-00178', 'CAROLINA', 'TORRES', 'carolina.torres@utp.ac.pa','ESPECIAL EVENTUAL','PARCIAL')


/*Electrica y electrónica*/


INSERT INTO Docente
VALUES ('2-151-00622', 'ROBERTO', 'GORDON', 'roberto.gordon@utp.ac.pa','REGULAR TITULAR','COMPLETO')

INSERT INTO Docente
VALUES ('N-020-0745', 'GLADYS', 'GRANADA', 'gladys.granada@utp.ac.pa','ESPECIAL EXTRAORDINARIO','PARCIAL')

INSERT INTO Docente
VALUES ('8-144-00497', 'JOSE', 'FALCONETT', 'jose.falconett@utp.ac.pa','ESPECIAL EVENTUAL','PARCIAL')

INSERT INTO Docente
VALUES ('9-157-00145', 'DARIANA', 'ATENCIO', 'dariana.atencio@utp.ac.pa','REGULAR TITULAR','COMPLETO')

INSERT INTO Docente
VALUES ('3-073-02741', 'RICARDO', 'QUIROZ', 'ricardo.quiroz1@utp.ac.pa','INSTRUCTOR A-3','COMPLETO')


/* Mecanica Industrial*/

INSERT INTO Docente
VALUES ('4-128-00712', 'SONIA', 'SEVILLA', 'sonia.sevilla@utp.ac.pa','REGULAR TITULAR','COMPLETO')

INSERT INTO Docente
VALUES ('N-021-02070', 'JOSE', 'LAGUARDIA', 'jose.laguardia@utp.ac.pa','ESPECIAL EVENTUAL','COMPLETO')

INSERT INTO Docente
VALUES ('4-770-02256', 'RODRIGO', 'YANGUEZ', 'rodrigo.yanguez@utp.ac.pa','ESPECIAL EVENTUAL','PARCIAL')


/*Ing Civil */

INSERT INTO Docente
VALUES ('7-091-00392', 'HECTOR', 'ACEVEDO', 'hector.acevedo@utp.ac.pa','REGULAR TITULAR','COMPLETO')

INSERT INTO Docente
VALUES ('8-167-00444', 'JUANA', 'RAMOS', 'juana.ramos@utp.ac.pa','REGULAR TITULAR','COMPLETO')

INSERT INTO Docente
VALUES ('4-734-02048', 'CESAR', 'LOPEZ', 'cesar.lopez@utp.ac.pa','REGULAR TITULAR','COMPLETO')

INSERT INTO Docente
VALUES ('2-701-01350', 'KELSY ', 'CHAVARRIA', 'kelsy.chavarria@utp.ac.pa','REGULAR TITULAR','PARCIAL')

INSERT INTO Docente
VALUES ('7-083-00061', 'BOLIVAR', 'BALLESTEROS', 'bolivar.ballesteros@utp.ac.pa','ESPECIAL EVENTUAL','COMPLETO')

INSERT INTO Docente
VALUES ('8-479-00016', 'EDGARDO', 'KENNION', 'edgardo.kennion@utp.ac.pa','INSTRUCTOR A-3','COMPLETO')


INSERT INTO Docente
VALUES ('8-813-01875', 'FARRAH', 'LOPEZ', 'farrah.lopez@utp.ac.pa','INSTRUCTOR A-3','COMPLETO')

INSERT INTO Docente
VALUES ('6-043-00856', 'NELLYS', 'ESPINOSA', 'nellys.espinosa@utp.ac.pa','INSTRUCTOR A-3','PARCIAL')

INSERT INTO Docente
VALUES ('9-122-01404', 'AURORA', 'GARRIDO', 'aurora.garrido@utp.ac.pa','REGULAR TITULAR','PARCIAL')


/* Electromecanica */

INSERT INTO Docente
VALUES ('6-030-00351', 'NELSON', 'CARRIZO', 'nelson.carrizo@utp.ac.pa','INSTRUCTOR A-3','PARCIAL')

INSERT INTO Docente
VALUES ('8-230-02052', 'ROSA', 'DE GRACIA', 'rosa.degracia1@utp.ac.pa','REGULAR TITULAR','PARCIAL')

INSERT INTO Docente
VALUES ('8-396-0695', 'BLANCA', 'SANCHEZ', 'blanca.sanchez@utp.ac.pa','ESPECIAL EVENTUAL','COMPLETO')

INSERT INTO Docente
VALUES ('9-084-2512', 'SILVERIA', 'AGUILAR', 'silveria.aguilar@utp.ac.pa@utp.ac.pa','ESPECIAL EVENTUAL','COMPLETO')



INSERT INTO Docente
VALUES ('8-821-1583', 'KATHERINE', 'MORENO', 'katherine.moreno2@utp.ac.pa','ESPECIAL EVENTUAL','PARCIAL')

INSERT INTO Docente
VALUES ('3-099-0832', 'DARLING', 'ZELAYA', 'darling.zelaya@utp.ac.pa','ESPECIAL EVENTUAL','PARCIAL')

INSERT INTO Docente
VALUES ('8-414-0487', 'MAHELIS', 'PEÑA', 'mahelis.pena@utp.ac.pa','REGULAR TITULAR','COMPLETO')

INSERT INTO Docente
VALUES ('8-204-1660', 'ALBA ', 'QUIEL', 'alba.castillo@utp.ac.pa','REGULAR TITULAR','COMPLETO')

INSERT INTO Docente
VALUES ('8-363-0936', 'AMAEL', 'MONROE', 'amael.monroe@utp.ac.pa','INSTRUCTOR A-3','COMPLETO')

INSERT INTO Docente
VALUES ('9-179-0050', 'DALILA', 'SANCHEZ', 'dalila.sanchez@utp.ac.pa','INSTRUCTOR A-1','COMPLETO')

INSERT INTO Docente
VALUES ('8-0191-00020', 'JAIME', 'PEREZ', 'jaime.perez3@utp.ac.pa','INSTRUCTOR A-3','COMPLETO')

INSERT INTO Docente
VALUES ('8-219-1138', 'FERNANDO', 'ABREGO', 'fernando.abrego@utp.ac.pa','REGULAR TITULAR','PARCIAL')

INSERT INTO Docente
VALUES ('9-126-1001', 'ALMA', 'CHEN', 'alma.chen@utp.ac.pa','REGULAR TITULAR','PARCIAL')

INSERT INTO Docente
VALUES ('4-0237-00014', 'ANA', 'SAAVEDRA', 'ana.saavedra@utp.ac.pa','INSTRUCTOR A-3','PARCIAL')


/*Industrial*/

INSERT INTO Docente
VALUES ('N-0014-00788', 'HERNANDO', 'FLOREZ', 'hernando.florez@utp.ac.pa','REGULAR TITULAR','COMPLETO')

INSERT INTO Docente
VALUES ('8-0312-00478', 'PEDRO', 'SALAMANCA', 'pedro.salamanca@utp.ac.pa','ESPECIAL EVENTUAL','COMPLETO')

INSERT INTO Docente
VALUES ('9-0053-00372', 'MILAGRO ', 'CALVO', 'milagro.ballesteros@utp.ac.pa','ESPECIAL EXTRAORDINARIO','COMPLETO')

INSERT INTO Docente
VALUES ('4-0133-00061', 'CECILIA', 'CABALLERO', 'cecilia.caballero@utp.ac.pa','ESPECIAL EVENTUAL','COMPLETO')


INSERT INTO Docente
VALUES ('8-0368-00534', 'JULIO', 'VIVERO', 'julio.vivero@utp.ac.pa','ESPECIAL EVENTUAL','COMPLETO')

INSERT INTO Docente
VALUES ('4-0139-00398', 'JESUS', 'RIOS', 'jesus.rios@utp.ac.pa','ESPECIAL EVENTUAL','COMPLETO')

INSERT INTO Docente
VALUES ('3-715-2327', 'EDMANUEL', 'CRUZ', 'edmanuel.cruz@utp.ac.pa','ESPECIAL EXTRAORDINARIO','PARCIAL')

INSERT INTO Docente
VALUES ('2-0084-00888', 'MARITHSENIA ', 'ZURITA', 'marithsenia.reyes@utp.ac.pa','ESPECIAL EVENTUAL','COMPLETO')

INSERT INTO Docente
VALUES ('9-0151-00857', 'PAULINO', 'MURILLO', 'paulino.murillo@utp.ac.pa','REGULAR TITULAR','COMPLETO')

INSERT INTO Docente
VALUES ('6-0083-00040', 'ORMEL', 'BATISTA', 'ormel.batista@utp.ac.pa','ESPECIAL EXTRAORDINARIO','PARCIAL')

INSERT INTO Docente
VALUES ('9-0184-00774', 'DARCELYS', 'RODRIGUEZ', 'darcellys.rodriguez@utp.ac.pa','ESPECIAL EVENTUAL','COMPLETO')

INSERT INTO Docente
VALUES ('8-0177-00929', 'ADOLFO', 'GONZALEZ', 'adolfo.gonzalez@utp.ac.pa','ESPECIAL EXTRAORDINARIO','PARCIAL')

INSERT INTO Docente
VALUES ('2-0125-00517', 'LOURDES', 'JARAMILLO', 'lourdes.jaramillo@utp.ac.pa','INSTRUCTOR A-3 ','COMPLETO')

INSERT INTO Docente
VALUES ('3-0081-00936', 'DANILO', 'TORO', 'danilo.toro1@utp.ac.pa','ESPECIAL EVENTUAL','COMPLETO')

INSERT INTO Docente
VALUES ('6-0087-00687', 'LYDIA', 'HIGUERA', 'lydia.higuera@utp.ac.pa','ESPECIAL EVENTUAL','COMPLETO')

INSERT INTO Docente
VALUES ('8-0728-02038', 'RICARDO', 'HAYNES', 'ricardo.haynes@utp.ac.pa','INSTRUCTOR A-3','COMPLETO')

INSERT INTO Docente
VALUES ('4-0126-01155', 'ALEJANDRO', 'HERNANDEZ', 'alejandro.hernandez@utp.ac.pa','ESPECIAL EVENTUAL','COMPLETO')

INSERT INTO Docente
VALUES ('8-0264-00356', 'ELDA', 'ORTIZ', 'elda.ortiz@utp.ac.pa','INSTRUCTOR A-3','COMPLETO')

INSERT INTO Docente
VALUES ('9-0718-02472', 'JEREMIAS', 'ACEVEDO', 'jeremias.acevedo1@utp.ac.pa','INSTRUCTOR A-3','COMPLETO')

INSERT INTO Docente
VALUES ('4-0191-00053', 'DAYRA', 'GARCIA', 'dayra.garcia@utp.ac.pa','INSTRUCTOR A-3','COMPLETO')

INSERT INTO Docente
VALUES ('8-0850-02166', 'AYDEE', 'MORRISON', 'aydee.morrison@utp.ac.pa','INSTRUCTOR A-3','COMPLETO')

INSERT INTO Docente
VALUES ('8-0454-00068', 'NARCISO', 'AGUDO', 'narciso.agudo@utp.ac.pa','ESPECIAL EVENTUAL','COMPLETO')

INSERT INTO Docente
VALUES ('8-0748-02379', 'RAMON', 'BARRIOS', 'ramon.barrios@utp.ac.pa','ESPECIAL EVENTUAL','PARCIAL')

INSERT INTO Docente
VALUES ('8-0803-01051', 'ELOISA', 'BERMUDEZ', 'eloisa.bermudez@utp.ac.pa','INSTRUCTOR A-3','PARCIAL')

INSERT INTO Docente
VALUES ('8-0318-00351', 'MARGARITA', 'SANCHEZ', 'margarita.sanchez@utp.ac.pa','INSTRUCTOR A-3','PARCIAL')


/* Mecanica */

INSERT INTO Docente
VALUES ('8-0376-00866', 'KATHIA', 'MEDINA', 'kathia.medina@utp.ac.pa','INSTRUCTOR A-3','PARCIAL')

INSERT INTO Docente
VALUES ('8-0483-00502', 'DAYRA', 'RIVERA', 'dayra.rivera@utp.ac.pa','INSTRUCTOR A-3','PARCIAL')

INSERT INTO Docente
VALUES ('9-0705-01227', 'ERICKA', 'VASQUEZ', 'ericka.vasquez@utp.ac.pa','ESPECIAL EVENTUAL','COMPLETO')

INSERT INTO Docente
VALUES ('8-0305-00371', 'ISMAEL', 'ARAUZ', 'ismael.arauz@utp.ac.pa','ESPECIAL EXTRAORDINARIO','COMPLETO')

INSERT INTO Docente
VALUES ('N-0020-01013', 'NORMA ', 'PRAVIA', 'norma.ferrabone@utp.ac.pa','ESPECIAL EXTRAORDINARIO','COMPLETO')

/* Software */ 

INSERT INTO Docente
VALUES ('3-0067-00423', 'NILSA', 'JARVIS', 'nilsa.jarvis@utp.ac.pa','ESPECIAL EVENTUAL','COMPLETO')

INSERT INTO Docente
VALUES ('6-0050-02179', 'JEANETTE', 'RILEY', 'jeanette.riley@utp.ac.pa','REGULAR AUXILIAR','COMPLETO')

INSERT INTO Docente
VALUES ('2-0134-00737', 'YARIELDA', 'CRUZ', 'yarielda.cruz@utp.ac.pa','ESPECIAL EXTRAORDINARIO','PARCIAL')

INSERT INTO Docente
VALUES ('8-0858-00378', 'SAMUEL', 'JIMENEZ', 'samuel.jimenez@utp.ac.pa','INSTRUCTOR A-3','PARCIAL')

INSERT INTO Docente
VALUES ('8-0239-01787', 'GLORIA', 'BENNETT', 'gloria.bennett@utp.ac.pa','ESPECIAL EVENTUAL','COMPLETO')

INSERT INTO Docente
VALUES ('2-0705-00841', 'YAMILETH', 'COSSU', 'yamileth.solis@utp.ac.pa','ESPECIAL EVENTUAL','COMPLETO')

INSERT INTO Docente
VALUES ('9-0728-00323', 'SHARON', 'PEREZ', 'sharon.perez@utp.ac.pa','ESPECIAL EVENTUAL','COMPLETO')

INSERT INTO Docente
VALUES ('8-0785-00062', 'VANESSA', 'CASTILLO', 'vanessa.castillo@utp.ac.pa','ESPECIAL EVENTUAL','COMPLETO')

INSERT INTO Docente
VALUES ('8-0213-01212', 'MARIA', 'CASTILLO', 'maria.castillo3@utp.ac.pa','INSTRUCTOR A-3','PARCIAL')

/* Geologica */

INSERT INTO Docente
VALUES ('4-0110-00488', 'SIDIA', 'HARRIS', 'sidia.justavino@utp.ac.pa','ESPECIAL EVENTUAL','COMPLETO')

INSERT INTO Docente
VALUES ('8-0394-00240', 'VIELKA', 'BARRAZA', 'vielka.langshaw@utp.ac.pa','ESPECIAL EVENTUAL','COMPLETO')

/* Mantenimiento */

INSERT INTO Docente
VALUES ('4-0240-00971', 'SADAY', 'ZAPATA', 'saday.zapata@utp.ac.pa','INSTRUCTOR A-3','PARCIAL')


/* Alimentos */

INSERT INTO Docente
VALUES ('4-0722-01876', 'THAYS', 'MENDEZ', 'thays.mendez@utp.ac.pa','INSTRUCTOR A-3','PARCIAL')


/*Logística*/

INSERT INTO Docente
VALUES ('4-0757-00791', 'MADELAINE', 'MARTINEZ', 'madelaine.martinez@utp.ac.pa','INSTRUCTOR A-3','PARCIAL')

INSERT INTO Docente
VALUES ('7-0094-00268', 'EMIGDIA', 'GONZALEZ', 'emigdia.gonzalez@utp.ac.pa','ESPECIAL EXTRAORDINARIO','PARCIAL')

/*Energia y amb*/

INSERT INTO Docente
VALUES ('8-0706-01235', 'ALEJANDRINO', 'SEVILLANO', 'alejandrino.sevillano@utp.ac.pa','ESPECIAL EVENTUAL','COMPLETO')

INSERT INTO Docente
VALUES ('8-0718-00415', 'EDSON', 'GALAGARZA', 'edson.galagarza@utp.ac.pa','INSTRUCTOR A-3','COMPLETO')

INSERT INTO Docente
VALUES ('4-0142-00032', 'CESIAH', 'ALEMAN', 'cesiah.aleman@utp.ac.pa','REGULAR TITULAR','COMPLETO')


/* Portuaria */

INSERT INTO Docente
VALUES ('8-0455-00822', 'JULIO', 'ARANGO', 'julio.arango@utp.ac.pa','INSTRUCTOR A-3','COMPLETO')

INSERT INTO Docente
VALUES ('8-0165-02617', 'GRICELDA', 'MITRE', 'gricelda.bethancourt@utp.ac.pa','ESPECIAL EXTRAORDINARIO','COMPLETO')

INSERT INTO Docente
VALUES ('6-0041-02376', 'MIGUEL', 'VERGARA', 'miguel.vergara@utp.ac.pa','REGULAR TITULAR','COMPLETO')

/* Aeronautica */

INSERT INTO Docente
VALUES ('8-0213-00973', 'MARIELA', 'SONHOUSE', 'mariela.sonhouse@utp.ac.pa','ESPECIAL EXTRAORDINARIO','COMPLETO')

INSERT INTO Docente
VALUES ('8-0750-00143', 'AMANDA', 'WATSON', 'amanda.watson@utp.ac.pa','ESPECIAL EVENTUAL','COMPLETO')

INSERT INTO Docente
VALUES ('8-0219-01138', 'FERNANDO', 'CASTILLO', 'fernando.castillo@utp.ac.pa','ESPECIAL EVENTUAL','COMPLETO')

INSERT INTO Docente
VALUES ('2-0700-01546', 'IDULFO', 'ARROCHA', 'idulfo.arrocha@utp.ac.pa','REGULAR AGREGADO','COMPLETO')

INSERT INTO Docente
VALUES ('2-0721-01970', 'CYNDY', 'HAMILTON', 'cyndy.hamilton@utp.ac.pa','ESPECIAL EXTRAORDINARIO','COMPLETO')

INSERT INTO Docente
VALUES ('8-0466-00645', 'INDIRA', 'FRANCO', 'indira.franco@utp.ac.pa','ESPECIAL EVENTUAL','PARCIAL')

INSERT INTO Docente
VALUES ('2-0738-01106', 'DIANA', 'BERROCAL', 'diana.berrocal@utp.ac.pa','INSTRUCTOR A-3','PARCIAL')

INSERT INTO Docente
VALUES ('2-0128-00854', 'MAGDA', 'JAEN', 'magda.jaen@utp.ac.pa','ESPECIAL EVENTUAL','PARCIAL')

/*forestal*/

INSERT INTO Docente
VALUES ('4-0187-00150', 'ALEXIS', 'BAULES', 'alexis.baules@utp.ac.pa','ESPECIAL EVENTUAL','PARCIAL')

INSERT INTO Docente
VALUES ('7-0091-01795', 'JUAN', 'GONZALEZ', 'juan.gonzalez@utp.ac.pa','REGULAR TITULAR','PARCIAL')

INSERT INTO Docente
VALUES ('8-0406-00225', 'ROBERTO', 'GORDON', 'roberto.gordon@utp.ac.pa','INSTRUCTOR A-3','PARCIAL')

INSERT INTO Docente
VALUES ('9-0751-02380', 'LEDA', 'HERRERA', 'leda.herrera@utp.ac.pa','ESPECIAL EVENTUAL','PARCIAL')


/* Sist de inf */

INSERT INTO Docente
VALUES ('4-0142-00108', 'FELICITA', 'KROL', 'felicita.castillo@utp.ac.pa','REGULAR TITULAR','COMPLETO')

INSERT INTO Docente
VALUES ('8-0424-00061', 'FABIO', 'GUERRERO', 'fabio.guerrero@utp.ac.pa','ESPECIAL EVENTUAL','COMPLETO')

/* Ambiental */

INSERT INTO Docente
VALUES ('8-0309-00540', 'DEBORA', 'VENENCIA', 'debora.venencia@utp.ac.pa','ESPECIAL EVENTUAL','COMPLETO')

INSERT INTO Docente
VALUES ('4-0183-00553', 'ROSA', 'QUINTERO', 'rosa.quintero@utp.ac.pa','ESPECIAL EXTRAORDINARIO','COMPLETO')



INSERT INTO Compone
	VALUES ('7987', 'LICENCIATURA EN INGENIERÍA AMBIENTAL')
INSERT INTO Compone
	VALUES ('7987', 'LICENCIATURA EN INGENIERÍA CIVIL')
INSERT INTO Compone
	VALUES ('7987', 'LICENCIATURA EN INGENIERÍA GEOMÁTICA')
INSERT INTO Compone
	VALUES ('7987', 'LICENCIATURA EN INGENIERÍA MARÍTIMA PORTUARIA')
INSERT INTO Compone
	VALUES ('7987', 'LICENCIATURA EN INGENIERÍA GEOLÓGICA')
INSERT INTO Compone
	VALUES ('7987', 'LICENCIATURA EN INGENIERÍA ELÉCTRICA Y ELECTRÓNICA')
INSERT INTO Compone
	VALUES ('7987', 'LICENCIATURA EN INGENIERÍA ELÉCTRICA')
INSERT INTO Compone
	VALUES ('7987', 'LICENCIATURA EN INGENIERÍA ELECTROMECÁNICA')
INSERT INTO Compone
	VALUES ('7987', 'LICENCIATURA EN INGENIERÍA ELECTRÓNICA Y TELECOMUNICACIONES')
INSERT INTO Compone
	VALUES ('7987', 'LICENCIATURA EN INGENIERÍA INDUSTRIAL')
INSERT INTO Compone
	VALUES ('7987', 'LICENCIATURA EN INGENIERÍA MECÁNICA INDUSTRIAL')
INSERT INTO Compone
	VALUES ('7987', 'LICENCIATURA EN INGENIERÍA LOGÍSTICA Y CADENA DE SUMINISTRO')
INSERT INTO Compone
	VALUES ('7987', 'LICENCIATURA EN INGENIERÍA MECÁNICA')
INSERT INTO Compone
	VALUES ('7987', 'LICENCIATURA EN INGENIERÍA DE MANTENIMIENTO')
INSERT INTO Compone
	VALUES ('7987', 'LICENCIATURA EN INGENIERÍA DE ENERGÍA Y AMBIENTE')
INSERT INTO Compone
	VALUES ('7987', 'LICENCIATURA EN INGENIERÍA NAVAL')
INSERT INTO Compone
	VALUES ('7987', 'LICENCIATURA EN INGENIERÍA AERONÁUTICA')
INSERT INTO Compone
	VALUES ('7987', 'LICENCIATURA EN INGENIERÍA DE SISTEMAS DE INFORMACIÓN')
INSERT INTO Compone
	VALUES ('7987', 'LICENCIATURA EN INGENIERÍA DE SISTEMAS Y COMPUTACIÓN')
INSERT INTO Compone
	VALUES ('7987', 'LICENCIATURA EN INGENIERÍA DE SOFTWARE')
INSERT INTO Compone
	VALUES ('7987', 'LICENCIATURA EN INGENIERÍA EN ALIMENTOS')
INSERT INTO Compone
	VALUES ('7987', 'LICENCIATURA EN INGENIERÍA FORESTAL')
INSERT INTO Compone
	VALUES ('7980', 'LICENCIATURA EN INGENIERÍA AMBIENTAL')
INSERT INTO Compone
	VALUES ('7980', 'LICENCIATURA EN INGENIERÍA CIVIL')
INSERT INTO Compone
	VALUES ('7980', 'LICENCIATURA EN INGENIERÍA GEOMÁTICA')
INSERT INTO Compone
	VALUES ('7980', 'LICENCIATURA EN INGENIERÍA MARÍTIMA PORTUARIA')
INSERT INTO Compone
	VALUES ('7980', 'LICENCIATURA EN INGENIERÍA GEOLÓGICA')
INSERT INTO Compone
	VALUES ('7980', 'LICENCIATURA EN INGENIERÍA EN ALIMENTOS')
INSERT INTO Compone
	VALUES ('7980', 'LICENCIATURA EN INGENIERÍA FORESTAL')
INSERT INTO Compone
	VALUES ('8718', 'LICENCIATURA EN INGENIERÍA AMBIENTAL')
INSERT INTO Compone
	VALUES ('8718', 'LICENCIATURA EN INGENIERÍA CIVIL')
INSERT INTO Compone
	VALUES ('8718', 'LICENCIATURA EN INGENIERÍA GEOMÁTICA')
INSERT INTO Compone
	VALUES ('8718', 'LICENCIATURA EN INGENIERÍA MARÍTIMA PORTUARIA')
INSERT INTO Compone
	VALUES ('8718', 'LICENCIATURA EN INGENIERÍA GEOLÓGICA')
INSERT INTO Compone
	VALUES ('8718', 'LICENCIATURA EN INGENIERÍA ELÉCTRICA Y ELECTRÓNICA')
INSERT INTO Compone
	VALUES ('8718', 'LICENCIATURA EN INGENIERÍA ELÉCTRICA')
INSERT INTO Compone
	VALUES ('8718', 'LICENCIATURA EN INGENIERÍA ELECTROMECÁNICA')
INSERT INTO Compone
	VALUES ('8718', 'LICENCIATURA EN INGENIERÍA ELECTRÓNICA Y TELECOMUNICACIONES')
INSERT INTO Compone
	VALUES ('8718', 'LICENCIATURA EN INGENIERÍA INDUSTRIAL')
INSERT INTO Compone
	VALUES ('8718', 'LICENCIATURA EN INGENIERÍA LOGÍSTICA Y CADENA DE SUMINISTRO')
INSERT INTO Compone
	VALUES ('8718', 'LICENCIATURA EN INGENIERÍA MECÁNICA')
INSERT INTO Compone
	VALUES ('8718', 'LICENCIATURA EN INGENIERÍA DE MANTENIMIENTO')
INSERT INTO Compone
	VALUES ('8718', 'LICENCIATURA EN INGENIERÍA DE ENERGÍA Y AMBIENTE')
INSERT INTO Compone
	VALUES ('8718', 'LICENCIATURA EN INGENIERÍA NAVAL')
INSERT INTO Compone
	VALUES ('8718', 'LICENCIATURA EN INGENIERÍA AERONÁUTICA')
INSERT INTO Compone
	VALUES ('8718', 'LICENCIATURA EN INGENIERÍA EN ALIMENTOS')
INSERT INTO Compone
	VALUES ('8718', 'LICENCIATURA EN INGENIERÍA FORESTAL')
INSERT INTO Compone
	VALUES ('7982', 'LICENCIATURA EN INGENIERÍA AMBIENTAL')
INSERT INTO Compone
	VALUES ('7982', 'LICENCIATURA EN INGENIERÍA CIVIL')
INSERT INTO Compone
	VALUES ('7982', 'LICENCIATURA EN INGENIERÍA GEOMÁTICA')
INSERT INTO Compone
	VALUES ('7982', 'LICENCIATURA EN INGENIERÍA MARÍTIMA PORTUARIA')
INSERT INTO Compone
	VALUES ('7982', 'LICENCIATURA EN INGENIERÍA GEOLÓGICA')
INSERT INTO Compone
	VALUES ('0069', 'LICENCIATURA EN INGENIERÍA AMBIENTAL')
INSERT INTO Compone
	VALUES ('0069', 'LICENCIATURA EN INGENIERÍA CIVIL')
INSERT INTO Compone
	VALUES ('0069', 'LICENCIATURA EN INGENIERÍA GEOMÁTICA')
INSERT INTO Compone
	VALUES ('0069', 'LICENCIATURA EN INGENIERÍA MARÍTIMA PORTUARIA')
INSERT INTO Compone
	VALUES ('0069', 'LICENCIATURA EN INGENIERÍA GEOLÓGICA')
INSERT INTO Compone
	VALUES ('0742', 'LICENCIATURA EN INGENIERÍA AMBIENTAL')
INSERT INTO Compone
	VALUES ('0742', 'LICENCIATURA EN INGENIERÍA CIVIL')
INSERT INTO Compone
	VALUES ('0742', 'LICENCIATURA EN INGENIERÍA GEOMÁTICA')
INSERT INTO Compone
	VALUES ('0742', 'LICENCIATURA EN INGENIERÍA MARÍTIMA PORTUARIA')
INSERT INTO Compone
	VALUES ('0742', 'LICENCIATURA EN INGENIERÍA GEOLÓGICA')
INSERT INTO Compone
	VALUES ('0742', 'LICENCIATURA EN INGENIERÍA DE SISTEMAS DE INFORMACIÓN')
INSERT INTO Compone
	VALUES ('0742', 'LICENCIATURA EN INGENIERÍA DE SISTEMAS Y COMPUTACIÓN')
INSERT INTO Compone
	VALUES ('0742', 'LICENCIATURA EN INGENIERÍA DE SOFTWARE')
INSERT INTO Compone
	VALUES ('1184', 'LICENCIATURA EN INGENIERÍA ELÉCTRICA Y ELECTRÓNICA')
INSERT INTO Compone
	VALUES ('1184', 'LICENCIATURA EN INGENIERÍA ELÉCTRICA')
INSERT INTO Compone
	VALUES ('1184', 'LICENCIATURA EN INGENIERÍA ELECTROMECÁNICA')
INSERT INTO Compone
	VALUES ('1184', 'LICENCIATURA EN INGENIERÍA ELECTRÓNICA Y TELECOMUNICACIONES')
INSERT INTO Compone
	VALUES ('7107', 'LICENCIATURA EN INGENIERÍA ELÉCTRICA Y ELECTRÓNICA')
INSERT INTO Compone
	VALUES ('7107', 'LICENCIATURA EN INGENIERÍA ELÉCTRICA')
INSERT INTO Compone
	VALUES ('7107', 'LICENCIATURA EN INGENIERÍA ELECTROMECÁNICA')
INSERT INTO Compone
	VALUES ('7107', 'LICENCIATURA EN INGENIERÍA ELECTRÓNICA Y TELECOMUNICACIONES')
INSERT INTO Compone
	VALUES ('7107', 'LICENCIATURA EN INGENIERÍA LOGÍSTICA Y CADENA DE SUMINISTRO')
INSERT INTO Compone
	VALUES ('7107', 'LICENCIATURA EN INGENIERÍA MECÁNICA')
INSERT INTO Compone
	VALUES ('7107', 'LICENCIATURA EN INGENIERÍA DE MANTENIMIENTO')
INSERT INTO Compone
	VALUES ('7107', 'LICENCIATURA EN INGENIERÍA DE ENERGÍA Y AMBIENTE')
INSERT INTO Compone
	VALUES ('7107', 'LICENCIATURA EN INGENIERÍA NAVAL')
INSERT INTO Compone
	VALUES ('7107', 'LICENCIATURA EN INGENIERÍA AERONÁUTICA')
INSERT INTO Compone
	VALUES ('0862', 'LICENCIATURA EN INGENIERÍA ELÉCTRICA Y ELECTRÓNICA')
INSERT INTO Compone
	VALUES ('0862', 'LICENCIATURA EN INGENIERÍA ELÉCTRICA')
INSERT INTO Compone
	VALUES ('0862', 'LICENCIATURA EN INGENIERÍA ELECTROMECÁNICA')
INSERT INTO Compone
	VALUES ('0862', 'LICENCIATURA EN INGENIERÍA ELECTRÓNICA Y TELECOMUNICACIONES')
INSERT INTO Compone
	VALUES ('0764', 'LICENCIATURA EN INGENIERÍA INDUSTRIAL')
INSERT INTO Compone
	VALUES ('3015', 'LICENCIATURA EN INGENIERÍA INDUSTRIAL')
INSERT INTO Compone
	VALUES ('3015', 'LICENCIATURA EN INGENIERÍA MECÁNICA INDUSTRIAL')
INSERT INTO Compone
	VALUES ('3016', 'LICENCIATURA EN INGENIERÍA INDUSTRIAL')
INSERT INTO Compone
	VALUES ('3016', 'LICENCIATURA EN INGENIERÍA MECÁNICA INDUSTRIAL')
INSERT INTO Compone
	VALUES ('3016', 'LICENCIATURA EN INGENIERÍA LOGÍSTICA Y CADENA DE SUMINISTRO')
INSERT INTO Compone
	VALUES ('8890', 'LICENCIATURA EN INGENIERÍA INDUSTRIAL')
INSERT INTO Compone
	VALUES ('8890', 'LICENCIATURA EN INGENIERÍA LOGÍSTICA Y CADENA DE SUMINISTRO')
INSERT INTO Compone
	VALUES ('3020', 'LICENCIATURA EN INGENIERÍA MECÁNICA INDUSTRIAL')
INSERT INTO Compone
	VALUES ('0998', 'LICENCIATURA EN INGENIERÍA LOGÍSTICA Y CADENA DE SUMINISTRO')
INSERT INTO Compone
	VALUES ('0628', 'LICENCIATURA EN INGENIERÍA MECÁNICA')
INSERT INTO Compone
	VALUES ('0628', 'LICENCIATURA EN INGENIERÍA DE MANTENIMIENTO')
INSERT INTO Compone
	VALUES ('0628', 'LICENCIATURA EN INGENIERÍA DE ENERGÍA Y AMBIENTE')
INSERT INTO Compone
	VALUES ('0628', 'LICENCIATURA EN INGENIERÍA NAVAL')
INSERT INTO Compone
	VALUES ('0628', 'LICENCIATURA EN INGENIERÍA AERONÁUTICA')
INSERT INTO Compone
	VALUES ('7892', 'LICENCIATURA EN INGENIERÍA MECÁNICA')
INSERT INTO Compone
	VALUES ('7892', 'LICENCIATURA EN INGENIERÍA DE MANTENIMIENTO')
INSERT INTO Compone
	VALUES ('7892', 'LICENCIATURA EN INGENIERÍA DE ENERGÍA Y AMBIENTE')
INSERT INTO Compone
	VALUES ('7892', 'LICENCIATURA EN INGENIERÍA NAVAL')
INSERT INTO Compone
	VALUES ('7892', 'LICENCIATURA EN INGENIERÍA AERONÁUTICA')
INSERT INTO Compone
	VALUES ('7979', 'LICENCIATURA EN INGENIERÍA DE MANTENIMIENTO')
INSERT INTO Compone
	VALUES ('8353', 'LICENCIATURA EN INGENIERÍA DE SISTEMAS DE INFORMACIÓN')
INSERT INTO Compone
	VALUES ('8353', 'LICENCIATURA EN INGENIERÍA DE SISTEMAS Y COMPUTACIÓN')
INSERT INTO Compone
	VALUES ('0741', 'LICENCIATURA EN INGENIERÍA DE SISTEMAS DE INFORMACIÓN')
INSERT INTO Compone
	VALUES ('0741', 'LICENCIATURA EN INGENIERÍA DE SISTEMAS Y COMPUTACIÓN')
INSERT INTO Compone
	VALUES ('0744', 'LICENCIATURA EN INGENIERÍA DE SISTEMAS DE INFORMACIÓN')
INSERT INTO Compone
	VALUES ('0744', 'LICENCIATURA EN INGENIERÍA DE SISTEMAS Y COMPUTACIÓN')
INSERT INTO Compone
	VALUES ('0855', 'LICENCIATURA EN INGENIERÍA DE SISTEMAS DE INFORMACIÓN')
INSERT INTO Compone
	VALUES ('0855', 'LICENCIATURA EN INGENIERÍA DE SISTEMAS Y COMPUTACIÓN')
INSERT INTO Compone
	VALUES ('0589', 'LICENCIATURA EN INGENIERÍA DE SOFTWARE')
INSERT INTO Compone
	VALUES ('0593', 'LICENCIATURA EN INGENIERÍA DE SOFTWARE')
INSERT INTO Compone
	VALUES ('0599', 'LICENCIATURA EN INGENIERÍA DE SOFTWARE')
INSERT INTO Compone
	VALUES ('8355', 'LICENCIATURA EN INGENIERÍA EN ALIMENTOS')
INSERT INTO Compone
	VALUES ('8355', 'LICENCIATURA EN INGENIERÍA FORESTAL')
INSERT INTO Compone
	VALUES ('1300', 'LICENCIATURA EN INGENIERÍA EN ALIMENTOS')
INSERT INTO Compone
	VALUES ('1200', 'LICENCIATURA EN INGENIERÍA FORESTAL')
INSERT INTO Compone
	VALUES ('8700', 'LICENCIATURA EN INGENIERÍA FORESTAL')


INSERT INTO Telefono_fac
	VALUES ('560-3633', 'FCT')
INSERT INTO Telefono_fac
	VALUES ('560-3634', 'FCT')
INSERT INTO Telefono_fac
	VALUES ( '560-3014', 'FIC')
INSERT INTO Telefono_fac
	VALUES ('560-3015', 'FIC')
INSERT INTO Telefono_fac
	VALUES ('560-3052','FIE')
INSERT INTO Telefono_fac
	VALUES ('560-3053', 'FIE')
INSERT INTO Telefono_fac
	VALUES ( '560-3083', 'FIM')
INSERT INTO Telefono_fac
	VALUES ('560-3084', 'FIE')
INSERT INTO Telefono_fac
	VALUES ('560-3604', 'FISC')
INSERT INTO Telefono_fac
	VALUES ('560-3656', 'FISC')


INSERT INTO Telefono_est
	VALUES ('266-1174', '8-1055-701')
INSERT INTO Telefono_est
	VALUES ('6965-1767', '8-1055-701')
INSERT INTO Telefono_est
	VALUES ('6375-6365', '8-938-925')
INSERT INTO Telefono_est
	VALUES ('262-2345', '8-938-925')
INSERT INTO Telefono_est
	VALUES ('390-9486', '8-937-1640')
INSERT INTO Telefono_est
	VALUES ('6981-1165', '8-937-1640')
INSERT INTO Telefono_est
	VALUES ('6547-5393', '8-952-2444')
INSERT INTO Telefono_est
	VALUES ('6532-1136', '4-445-6780')
INSERT INTO Telefono_est
	VALUES ('256-7432', '1-934-532')
INSERT INTO Telefono_est
	VALUES ('298-4677', '8-293-123')
INSERT INTO Telefono_est
	VALUES ('6399-0456', '4-843-900')
INSERT INTO Telefono_est
	VALUES ('6322-8643', '3-422-4556')
INSERT INTO Telefono_est
	VALUES ('261-4240', '8-240-9380')
INSERT INTO Telefono_est
	VALUES ('6555-3562', '8-376-0980')
INSERT INTO Telefono_est
	VALUES ('6788-2132', '1-364-480')
INSERT INTO Telefono_est
	VALUES ('207-5254', 'PE-015-0608')
INSERT INTO Telefono_est
	VALUES ('264-2423', '3-230-2220')


INSERT INTO Cursa
	VALUES ('8-1055-701', '1IB701', '7987')
INSERT INTO Cursa
	VALUES ('8-1055-701', '1IB701', '7980')
INSERT INTO Cursa
	VALUES ('8-1055-701', '1IB701', '8718')
INSERT INTO Cursa
	VALUES ('8-938-925', '1IM701', '7987')
INSERT INTO Cursa
	VALUES ('8-938-925', '1IM701', '0628')
INSERT INTO Cursa
	VALUES ('8-937-1640', '1IF701', '7987')
INSERT INTO Cursa
	VALUES ('8-937-1640', '1IF701', '0741')
INSERT INTO Cursa
	VALUES ('8-937-1640', '1IF701', '8353')
INSERT INTO Cursa
	VALUES ('8-952-2444', '1IL701', '7987')
INSERT INTO Cursa
	VALUES ('4-445-6780', '1EE701', '0862')
INSERT INTO Cursa
	VALUES ('1-934-532', '1II111', '0764')
INSERT INTO Cursa
	VALUES ('8-293-123', '1SF701', '0589')
INSERT INTO Cursa
	VALUES ('4-843-900', '1LX911', '7892')
INSERT INTO Cursa
	VALUES ('3-422-4556', '1LI711', '1300')
INSERT INTO Cursa
	VALUES ('8-240-9380', '1IB701', '7987')




--Ingenieria ambiental
INSERT INTO Codigo_Curso
	VALUES ('1IB701', '0069', '2445')
INSERT INTO Codigo_Curso
	VALUES ('1IB701', '0742', '2444')
INSERT INTO Codigo_Curso
	VALUES ('1IB701', '7980', '2440')
INSERT INTO Codigo_Curso
	VALUES ('1IB701', '7982', '2441')
INSERT INTO Codigo_Curso
	VALUES ('1IB701', '7987', '2442')
INSERT INTO Codigo_Curso
	VALUES ('1IB701', '8718', '2443')

INSERT INTO Codigo_Curso
	VALUES ('1IB702', '0069', '2451')
INSERT INTO Codigo_Curso
	VALUES ('1IB702', '0742', '2450')
INSERT INTO Codigo_Curso
	VALUES ('1IB702', '7980', '2446')
INSERT INTO Codigo_Curso
	VALUES ('1IB702', '7982', '2447')
INSERT INTO Codigo_Curso
	VALUES ('1IB702', '7987', '2448')
INSERT INTO Codigo_Curso
	VALUES ('1IB702', '8718', '2449')

--Ingenieria civil
INSERT INTO Codigo_Curso
	VALUES ('1IC701', '0069', '1735')
INSERT INTO Codigo_Curso
	VALUES ('1IC701', '0742', '1734')
INSERT INTO Codigo_Curso
	VALUES ('1IC701', '7980', '1730')
INSERT INTO Codigo_Curso
	VALUES ('1IC701', '7982', '1731')
INSERT INTO Codigo_Curso
	VALUES ('1IC701', '7987', '1732')
INSERT INTO Codigo_Curso
	VALUES ('1IC701', '8718', '1733')
	
INSERT INTO Codigo_Curso
	VALUES ('1IC702', '0069', '1741')
INSERT INTO Codigo_Curso
	VALUES ('1IC702', '0742', '1740')
INSERT INTO Codigo_Curso
	VALUES ('1IC702', '7980', '1736')
INSERT INTO Codigo_Curso
	VALUES ('1IC702', '7982', '1737')
INSERT INTO Codigo_Curso
	VALUES ('1IC702', '7987', '1738')
INSERT INTO Codigo_Curso
	VALUES ('1IC702', '8718', '1739')

INSERT INTO Codigo_Curso
	VALUES ('1IC703', '0069', '1747')
INSERT INTO Codigo_Curso
	VALUES ('1IC703', '0742', '1746')
INSERT INTO Codigo_Curso
	VALUES ('1IC703', '7980', '1742')
INSERT INTO Codigo_Curso
	VALUES ('1IC703', '7982', '1743')
INSERT INTO Codigo_Curso
	VALUES ('1IC703', '7987', '1744')
INSERT INTO Codigo_Curso
	VALUES ('1IC703', '8718', '1745')

--Ingenieria Geomatica
INSERT INTO Codigo_Curso
	VALUES ('1IG701', '0069', '2196')
INSERT INTO Codigo_Curso
	VALUES ('1IG701', '0742', '2195')
INSERT INTO Codigo_Curso
	VALUES ('1IG701', '7980', '2191')
INSERT INTO Codigo_Curso
	VALUES ('1IG701', '7982', '2192')
INSERT INTO Codigo_Curso
	VALUES ('1IG701', '7987', '2193')
INSERT INTO Codigo_Curso
	VALUES ('1IG701', '8718', '2194')

--Ingenieria Portuaria
INSERT INTO Codigo_Curso
	VALUES ('11L701 ', '0069', '1476')
INSERT INTO Codigo_Curso
	VALUES ('11L701', '0742', '1475')
INSERT INTO Codigo_Curso
	VALUES ('11L701', '7980', '1471')
INSERT INTO Codigo_Curso
	VALUES ('11L701', '7982', '1472')
INSERT INTO Codigo_Curso
	VALUES ('11L701', '7987', '1473')
INSERT INTO Codigo_Curso
	VALUES ('11L701', '8718', '1474')

INSERT INTO Codigo_Curso
	VALUES ('11L702', '0069', '1482')
INSERT INTO Codigo_Curso
	VALUES ('11L702', '0742', '1481')
INSERT INTO Codigo_Curso
	VALUES ('11L702', '7980', '1477')
INSERT INTO Codigo_Curso
	VALUES ('11L702', '7982', '1478')
INSERT INTO Codigo_Curso
	VALUES ('11L702', '7987', '1479')
INSERT INTO Codigo_Curso
	VALUES ('11L702', '8718', '1480')

--Ingenieria Geologica
INSERT INTO Codigo_Curso
	VALUES ('1G1701', '0069', '1866')
INSERT INTO Codigo_Curso
	VALUES ('1G1701', '0742', '1865')
INSERT INTO Codigo_Curso
	VALUES ('1G1701', '7980', '1861')
INSERT INTO Codigo_Curso
	VALUES ('1G1701', '7982', '1862')
INSERT INTO Codigo_Curso
	VALUES ('1G1701', '7987', '1863')
INSERT INTO Codigo_Curso
	VALUES ('1G1701', '8718', '1864')

--Ingenieria Electrica y Electronica
INSERT INTO Codigo_Curso
	VALUES ('1EE701', '0862', '2305')
INSERT INTO Codigo_Curso
	VALUES ('1EE701', '1184', '2306')
INSERT INTO Codigo_Curso
	VALUES ('1EE701', '7107', '2302')
INSERT INTO Codigo_Curso
	VALUES ('1EE701', '7987', '2303')
INSERT INTO Codigo_Curso
	VALUES ('1EE701', '8718', '2304')

--Ingeniera Eléctrica
INSERT INTO Codigo_Curso
	VALUES ('1GG701', '0862', '0524')
INSERT INTO Codigo_Curso
	VALUES ('1GG701', '1184', '0525')
INSERT INTO Codigo_Curso
	VALUES ('1GG701', '7107', '0521')
INSERT INTO Codigo_Curso
	VALUES ('1GG701', '7987', '0522')
INSERT INTO Codigo_Curso
	VALUES ('1GG701', '8718', '0523')

--Ingenieria Electromecanica
INSERT INTO Codigo_Curso
	VALUES ('1IE701', '0862', '2415')
INSERT INTO Codigo_Curso
	VALUES ('1IE701', '1184', '2416')
INSERT INTO Codigo_Curso
	VALUES ('1IE701', '7107', '2411')
INSERT INTO Codigo_Curso
	VALUES ('1IE701', '7987', '2413')
INSERT INTO Codigo_Curso
	VALUES ('1IE701', '8718', '2414')

INSERT INTO Codigo_Curso
	VALUES ('1IE702', '0862', '2419')
INSERT INTO Codigo_Curso
	VALUES ('1IE702', '1184', '2420')
INSERT INTO Codigo_Curso
	VALUES ('1IE702', '7107', '2412')
INSERT INTO Codigo_Curso
	VALUES ('1IE702', '7987', '2417')
INSERT INTO Codigo_Curso
	VALUES ('1IE702', '8718', '2418')

INSERT INTO Codigo_Curso
	VALUES ('1IE703', '0862', '2395')
INSERT INTO Codigo_Curso
	VALUES ('1IE703', '1184', '2396')
INSERT INTO Codigo_Curso
	VALUES ('1IE703', '7107', '2392')
INSERT INTO Codigo_Curso
	VALUES ('1IE703', '7987', '2393')
INSERT INTO Codigo_Curso
	VALUES ('1IE703', '8718', '2394')

INSERT INTO Codigo_Curso
	VALUES ('1IE704', '0862', '2400')
INSERT INTO Codigo_Curso
	VALUES ('1IE704', '1184', '2401')
INSERT INTO Codigo_Curso
	VALUES ('1IE704', '7107', '2397')
INSERT INTO Codigo_Curso
	VALUES ('1IE704', '7987', '2398')
INSERT INTO Codigo_Curso
	VALUES ('1IE704', '8718', '2399')

INSERT INTO Codigo_Curso
	VALUES ('1IE705', '0862', '2405')
INSERT INTO Codigo_Curso
	VALUES ('1IE705', '1184', '2406')
INSERT INTO Codigo_Curso
	VALUES ('1IE705', '7107', '2402')
INSERT INTO Codigo_Curso
	VALUES ('1IE705', '7987', '2403')
INSERT INTO Codigo_Curso
	VALUES ('1IE705', '8718', '2404')
	

--Electronica y telecomunicaciones
INSERT INTO Codigo_Curso
	VALUES ('1IT701', '0862', '1052')
INSERT INTO Codigo_Curso
	VALUES ('1IT701', '1184', '1053')
INSERT INTO Codigo_Curso
	VALUES ('1IT701', '7107', '1049')
INSERT INTO Codigo_Curso
	VALUES ('1IT701', '7987', '1050')
INSERT INTO Codigo_Curso
	VALUES ('1IT701', '8718', '1051')

--Ingeniera Industrial
INSERT INTO Codigo_Curso
	VALUES ('1II111', '0764', '4919')
INSERT INTO Codigo_Curso
	VALUES ('1II111', '3015', '4920')
INSERT INTO Codigo_Curso
	VALUES ('1II111', '3016', '4921')
INSERT INTO Codigo_Curso
	VALUES ('1II111', '7987', '4922')
INSERT INTO Codigo_Curso
	VALUES ('1II111', '8718', '4923')
INSERT INTO Codigo_Curso
	VALUES ('1II111', '8890', '4924')

INSERT INTO Codigo_Curso
	VALUES ('1II112', '0764', '4925')
INSERT INTO Codigo_Curso
	VALUES ('1II112', '3015', '4926')
INSERT INTO Codigo_Curso
	VALUES ('1II112', '3016', '4927')
INSERT INTO Codigo_Curso
	VALUES ('1II112', '7987', '4928')
INSERT INTO Codigo_Curso
	VALUES ('1II112', '8718', '4929')
INSERT INTO Codigo_Curso
	VALUES ('1II112', '8890', '4930')

INSERT INTO Codigo_Curso
	VALUES ('1II113', '0764', '4931')
INSERT INTO Codigo_Curso
	VALUES ('1II113', '3015', '4932')
INSERT INTO Codigo_Curso
	VALUES ('1II113', '3016', '4933')
INSERT INTO Codigo_Curso
	VALUES ('1II113', '7987', '4934')
INSERT INTO Codigo_Curso
	VALUES ('1II113', '8718', '4935')
INSERT INTO Codigo_Curso
	VALUES ('1II113', '8890', '4936')

INSERT INTO Codigo_Curso
	VALUES ('1II114', '0764', '4937')
INSERT INTO Codigo_Curso
	VALUES ('1II114', '3015', '4938')
INSERT INTO Codigo_Curso
	VALUES ('1II114', '3016', '4939')
INSERT INTO Codigo_Curso
	VALUES ('1II114', '7987', '4940')
INSERT INTO Codigo_Curso
	VALUES ('1II114', '8718', '4941')
INSERT INTO Codigo_Curso
	VALUES ('1II114', '8890', '4942')

INSERT INTO Codigo_Curso
	VALUES ('1II115', '0764', '4943')
INSERT INTO Codigo_Curso
	VALUES ('1II115', '3015', '4944')
INSERT INTO Codigo_Curso
	VALUES ('1II115', '3016', '4945')
INSERT INTO Codigo_Curso
	VALUES ('1II115', '7987', '4946')
INSERT INTO Codigo_Curso
	VALUES ('1II115', '8718', '4947')
INSERT INTO Codigo_Curso
	VALUES ('1II115', '8890', '4948')

INSERT INTO Codigo_Curso
	VALUES ('1II116', '0764', '4949')
INSERT INTO Codigo_Curso
	VALUES ('1II116', '3015', '4950')
INSERT INTO Codigo_Curso
	VALUES ('1II116', '3016', '4951')
INSERT INTO Codigo_Curso
	VALUES ('1II116', '7987', '4952')
INSERT INTO Codigo_Curso
	VALUES ('1II116', '8718', '4953')
INSERT INTO Codigo_Curso
	VALUES ('1II116', '8890', '4954')

INSERT INTO Codigo_Curso
	VALUES ('1II117', '0764', '6259')
INSERT INTO Codigo_Curso
	VALUES ('1II117', '3015', '6260')
INSERT INTO Codigo_Curso
	VALUES ('1II117', '3016', '6261')
INSERT INTO Codigo_Curso
	VALUES ('1II117', '7987', '6262')
INSERT INTO Codigo_Curso
	VALUES ('1II117', '8718', '6263')
INSERT INTO Codigo_Curso
	VALUES ('1II117', '8890', '6264')

--Ing Mecanica Industrial
INSERT INTO Codigo_Curso
	VALUES ('1MI701', '3015', '0971')
INSERT INTO Codigo_Curso
	VALUES ('1MI701', '3016', '0972')
INSERT INTO Codigo_Curso
	VALUES ('1MI701', '3020', '0973')
INSERT INTO Codigo_Curso
	VALUES ('1MI701', '7107', '0974')
INSERT INTO Codigo_Curso
	VALUES ('1MI701', '7987', '0975')

	--Ingenieria logística y de cadena
INSERT INTO Codigo_Curso 
	VALUES ('1CL701', '0998', '2321')
INSERT INTO Codigo_Curso
	VALUES ('1CL701', '0999', '2322')
INSERT INTO Codigo_Curso
	VALUES ('1CL701', '3016', '2317')
INSERT INTO Codigo_Curso
	VALUES ('1CL701', '7987', '2318')
INSERT INTO Codigo_Curso
	VALUES ('1CL701', '8718', '2319')
INSERT INTO Codigo_Curso
	VALUES ('1CL701', '8890', '2320')

INSERT INTO Codigo_Curso
	VALUES ('1CL702', '0998', '6241')
INSERT INTO Codigo_Curso
	VALUES ('1CL702', '0999', '6242')
INSERT INTO Codigo_Curso
	VALUES ('1CL702', '3016', '6237')
INSERT INTO Codigo_Curso
	VALUES ('1CL702', '7987', '6238')
INSERT INTO Codigo_Curso
	VALUES ('1CL702', '8718', '6240')

--Ingenieria Mecánica
INSERT INTO Codigo_Curso
	VALUES ('1IM701', '0628', '0705')
INSERT INTO Codigo_Curso
	VALUES ('1IM701', '7107', '0706')
INSERT INTO Codigo_Curso
	VALUES ('1IM701', '7892', '0707')
INSERT INTO Codigo_Curso
	VALUES ('1IM701', '7987', '0708')
INSERT INTO Codigo_Curso
	VALUES ('1IM701', '8718', '0709')

INSERT INTO Codigo_Curso
	VALUES ('1IM702', '0628', '0710')
INSERT INTO Codigo_Curso
	VALUES ('1IM702', '7107', '0711')
INSERT INTO Codigo_Curso
	VALUES ('1IM702', '7892', '0712')
INSERT INTO Codigo_Curso
	VALUES ('1IM702', '7987', '0713')
INSERT INTO Codigo_Curso
	VALUES ('1IM702', '8718', '0714')

--Ingenieria de mantenimiento
INSERT INTO Codigo_Curso
VALUES ('1LX911', '0628', '3316')
INSERT INTO Codigo_Curso
VALUES ('1LX911', '7107', '3317')
INSERT INTO Codigo_Curso
VALUES ('1LX911', '7892', '3318')
INSERT INTO Codigo_Curso
VALUES ('1LX911', '7979', '3319')
INSERT INTO Codigo_Curso
VALUES ('1LX911', '7987', '3320')
INSERT INTO Codigo_Curso
VALUES ('1LX911', '8718', '3321')

--Ingenieria de energía y ambiente
INSERT INTO Codigo_Curso
VALUES ('1EM701', '0628', '1490')
INSERT INTO Codigo_Curso
VALUES ('1EM701', '7107', '1491')
INSERT INTO Codigo_Curso
VALUES ('1EM701', '7892', '1492')
INSERT INTO Codigo_Curso
VALUES ('1EM701', '7987', '1493')
INSERT INTO Codigo_Curso
VALUES ('1EM701', '8718', '1494')

--Ingenieria Naval
INSERT INTO Codigo_Curso
VALUES ('1NI701', '0628', '0722')
INSERT INTO Codigo_Curso
VALUES ('1NI701', '7107', '0723')
INSERT INTO Codigo_Curso
VALUES ('1NI701', '7892', '0724')
INSERT INTO Codigo_Curso
VALUES ('1NI701', '7987', '0725')
INSERT INTO Codigo_Curso
VALUES ('1NI701', '8718', '0726')

INSERT INTO Codigo_Curso
VALUES ('1NI702', '0628', '0727')
INSERT INTO Codigo_Curso
VALUES ('1NI702', '7107', '0728')
INSERT INTO Codigo_Curso
VALUES ('1NI702', '7892', '0729')
INSERT INTO Codigo_Curso
VALUES ('1NI702', '7987', '0730')
INSERT INTO Codigo_Curso
VALUES ('1NI702', '8718', '0731')

--Ingenieria Aeronáutica
INSERT INTO Codigo_Curso
VALUES ('1AA701', '0628', '0001')
INSERT INTO Codigo_Curso
VALUES ('1AA701', '7107', '0002')
INSERT INTO Codigo_Curso
VALUES ('1AA701', '7892', '0003')
INSERT INTO Codigo_Curso
VALUES ('1AA701', '7987', '0004')
INSERT INTO Codigo_Curso
VALUES ('1AA701', '8718', '0005')

INSERT INTO Codigo_Curso
VALUES ('1AA702', '0628', '0012')
INSERT INTO Codigo_Curso
VALUES ('1AA702', '7107', '0013')
INSERT INTO Codigo_Curso
VALUES ('1AA702', '7892', '0014')
INSERT INTO Codigo_Curso
VALUES ('1AA702', '7987', '0015')
INSERT INTO Codigo_Curso
VALUES ('1AA702', '8718', '0016')

INSERT INTO Codigo_Curso
VALUES ('1AA703', '0628', '0017')
INSERT INTO Codigo_Curso
VALUES ('1AA703', '7107', '0018')
INSERT INTO Codigo_Curso
VALUES ('1AA703', '7892', '0019')
INSERT INTO Codigo_Curso
VALUES ('1AA703', '7987', '0020')
INSERT INTO Codigo_Curso
VALUES ('1AA703', '8718', '0021')

--Ingenieria Sistema de información
INSERT INTO Codigo_Curso
VALUES ('1IF701', '0741', '3081')
INSERT INTO Codigo_Curso
VALUES ('1IF701', '0742', '3084')
INSERT INTO Codigo_Curso
VALUES ('1IF701', '0744', '3082')
INSERT INTO Codigo_Curso
VALUES ('1IF701', '0855', '3083')
INSERT INTO Codigo_Curso
VALUES ('1IF701', '7987', '3079')
INSERT INTO Codigo_Curso
VALUES ('1IF701', '8353', '3080')

INSERT INTO Codigo_Curso
VALUES ('1IF702', '0741', '3087')
INSERT INTO Codigo_Curso
VALUES ('1IF702', '0742', '3090')
INSERT INTO Codigo_Curso
VALUES ('1IF702', '0744', '3088')
INSERT INTO Codigo_Curso
VALUES ('1IF702', '0855', '3089')
INSERT INTO Codigo_Curso
VALUES ('1IF702', '7987', '3085')
INSERT INTO Codigo_Curso
VALUES ('1IF702', '8353', '3086')

--Ingenieria en Sistemas y Computación
INSERT INTO Codigo_Curso
VALUES ('1IL701', '0741', '3461')
INSERT INTO Codigo_Curso
VALUES ('1IL701', '0742', '3464')
INSERT INTO Codigo_Curso
VALUES ('1IL701', '0744', '3462')
INSERT INTO Codigo_Curso
VALUES ('1IL701', '0855', '3463')
INSERT INTO Codigo_Curso
VALUES ('1IL701', '7987', '3459')
INSERT INTO Codigo_Curso
VALUES ('1IL701', '8353', '3460')

INSERT INTO Codigo_Curso
VALUES ('1IL702', '0741', '3467')
INSERT INTO Codigo_Curso
VALUES ('1IL702', '0742', '3470')
INSERT INTO Codigo_Curso
VALUES ('1IL702', '0744', '3468')
INSERT INTO Codigo_Curso
VALUES ('1IL702', '0855', '3469')
INSERT INTO Codigo_Curso
VALUES ('1IL702', '7987', '3465')
INSERT INTO Codigo_Curso
VALUES ('1IL702', '8353', '3466')

INSERT INTO Codigo_Curso
VALUES ('1IL703', '0741', '3473')
INSERT INTO Codigo_Curso
VALUES ('1IL703', '0742', '3476')
INSERT INTO Codigo_Curso
VALUES ('1IL703', '0744', '3474')
INSERT INTO Codigo_Curso
VALUES ('1IL703', '0855', '3475')
INSERT INTO Codigo_Curso
VALUES ('1IL703', '7987', '3471')
INSERT INTO Codigo_Curso
VALUES ('1IL703', '8353', '3472')

INSERT INTO Codigo_Curso
VALUES ('1IL704', '0741', '3479')
INSERT INTO Codigo_Curso
VALUES ('1IL704', '0742', '3482')
INSERT INTO Codigo_Curso
VALUES ('1IL704', '0744', '3480')
INSERT INTO Codigo_Curso
VALUES ('1IL704', '0855', '3481')
INSERT INTO Codigo_Curso
VALUES ('1IL704', '7987', '3477')
INSERT INTO Codigo_Curso
VALUES ('1IL704', '8353', '3478')

INSERT INTO Codigo_Curso
VALUES ('1IL705', '0741', '3485')
INSERT INTO Codigo_Curso
VALUES ('1IL705', '0742', '3488')
INSERT INTO Codigo_Curso
VALUES ('1IL705', '0744', '3486')
INSERT INTO Codigo_Curso
VALUES ('1IL705', '0855', '3487')
INSERT INTO Codigo_Curso
VALUES ('1IL705', '7987', '3483')
INSERT INTO Codigo_Curso
VALUES ('1IL705', '8353', '3484')

INSERT INTO Codigo_Curso
VALUES ('1IL706', '0741', '3491')
INSERT INTO Codigo_Curso
VALUES ('1IL706', '0742', '3494')
INSERT INTO Codigo_Curso
VALUES ('1IL706', '0744', '3492')
INSERT INTO Codigo_Curso
VALUES ('1IL706', '0855', '3493')
INSERT INTO Codigo_Curso
VALUES ('1IL706', '7987', '3489')
INSERT INTO Codigo_Curso
VALUES ('1IL706', '8353', '3490')

--Ingenieria de software
INSERT INTO Codigo_Curso
VALUES ('1SF701', '0589', '3153')
INSERT INTO Codigo_Curso
VALUES ('1SF701', '0593', '3154')
INSERT INTO Codigo_Curso
VALUES ('1SF701', '0742', '3156')
INSERT INTO Codigo_Curso
VALUES ('1SF701', '0855', '3155')
INSERT INTO Codigo_Curso
VALUES ('1SF701', '5000', '3157')
INSERT INTO Codigo_Curso
VALUES ('1SF701', '7987', '3152')

INSERT INTO Codigo_Curso
VALUES ('1SF702', '0589', '3159')
INSERT INTO Codigo_Curso
VALUES ('1SF702', '0593', '3160')
INSERT INTO Codigo_Curso
VALUES ('1SF702', '0742', '3162')
INSERT INTO Codigo_Curso
VALUES ('1SF702', '0855', '3161')
INSERT INTO Codigo_Curso
VALUES ('1SF702', '5000', '3163')
INSERT INTO Codigo_Curso
VALUES ('1SF702', '7987', '3158')

INSERT INTO Codigo_Curso
VALUES ('1SF703', '0589', '3165')
INSERT INTO Codigo_Curso
VALUES ('1SF703', '0593', '3166')
INSERT INTO Codigo_Curso
VALUES ('1SF703', '0742', '3168') 
INSERT INTO Codigo_Curso
VALUES ('1SF703', '0855', '3167') 
INSERT INTO Codigo_Curso
VALUES ('1SF703', '5000', '3169') 
INSERT INTO Codigo_Curso
VALUES ('1SF703', '7987', '3164')

INSERT INTO Codigo_Curso
VALUES ('1SF704', '0589', '3171')
INSERT INTO Codigo_Curso
VALUES ('1SF704', '0593', '3172')
INSERT INTO Codigo_Curso
VALUES ('1SF704', '0742', '3174')
INSERT INTO Codigo_Curso
VALUES ('1SF704', '0855', '3173')
INSERT INTO Codigo_Curso
VALUES ('1SF704', '5000', '3175')
INSERT INTO Codigo_Curso
VALUES ('1SF704', '7987', '3170')

INSERT INTO Codigo_Curso
VALUES ('1SF705', '0589', '6129')
INSERT INTO Codigo_Curso
VALUES ('1SF705', '0593', '6130')
INSERT INTO Codigo_Curso
VALUES ('1SF705', '0742', '6132')
INSERT INTO Codigo_Curso
VALUES ('1SF705', '0855', '6131')
INSERT INTO Codigo_Curso
VALUES ('1SF705', '5000', '6133')
INSERT INTO Codigo_Curso
VALUES ('1SF705', '7987', '6128')

--Ingenieria de Alimentos
INSERT INTO Codigo_Curso
VALUES ('1LI711', '1300', '3665')
INSERT INTO Codigo_Curso
VALUES ('1LI711', '7980', '3661')
INSERT INTO Codigo_Curso
VALUES ('1LI711', '7987', '3662')
INSERT INTO Codigo_Curso
VALUES ('1LI711', '8355', '3663')
INSERT INTO Codigo_Curso
VALUES ('1LI711', '8718', '3664')

--Ingenieria Forestal
INSERT INTO Codigo_Curso
VALUES ('1FI701', '1300', '3506')
INSERT INTO Codigo_Curso
VALUES ('1FI701', '7980', '3501')
INSERT INTO Codigo_Curso
VALUES ('1FI701', '7987', '3502')
INSERT INTO Codigo_Curso
VALUES ('1FI701', '8355', '3503')
INSERT INTO Codigo_Curso
VALUES ('1FI701', '8700', '3504')
INSERT INTO Codigo_Curso
VALUES ('1FI701', '8718', '3505')


/*Sistemas y comp*/

INSERT INTO Imparte
	VALUES ('0741', '8-281-134')
INSERT INTO Imparte
	VALUES ('0742', '8-783-1534')
INSERT INTO Imparte
	VALUES ('0744', '8-850-048')
INSERT INTO Imparte
	VALUES ('0855', '8-222-2054')
INSERT INTO Imparte
	VALUES ('7987', '2-079-1239')
INSERT INTO Imparte
	VALUES ('8353', '8-0281-0630')

INSERT INTO Imparte
	VALUES ('0741', '2-0098-02372')
INSERT INTO Imparte
	VALUES ('0742', '8-0541-01644')
INSERT INTO Imparte
	VALUES ('0744', '2-702-1763')
INSERT INTO Imparte
	VALUES ('0855', '8-0290-00597')

INSERT INTO Imparte
	VALUES ('0741', '8-781-2086')
INSERT INTO Imparte
	VALUES ('0744', '9-079-2054')
INSERT INTO Imparte
	VALUES ('0855', '8-485-108')
INSERT INTO Imparte
	VALUES ('8353', '7-088-1042')

INSERT INTO Imparte
	VALUES ('0742', '8-515-027')
INSERT INTO Imparte
	VALUES ('0855', '8-0386-00337')

INSERT INTO Imparte
	VALUES ('0741', '9-083-2431')
INSERT INTO Imparte
	VALUES ('0742', '8-192-0693')
INSERT INTO Imparte
	VALUES ('0744', '7-084-0745')
INSERT INTO Imparte
	VALUES ('0855', '8-333-549')
INSERT INTO Imparte
	VALUES ('7987', '6-059-502')
INSERT INTO Imparte
	VALUES ('8353', '7-094-075')

INSERT INTO Imparte
	VALUES ('0742', '8-314-00178')
INSERT INTO Imparte
	VALUES ('0744', '9-706-1712')


/*eléctrica y electrónica*/

INSERT INTO Imparte
	VALUES ('0862', '2-151-00622')
INSERT INTO Imparte
	VALUES ('1184', 'N-020-0745')
INSERT INTO Imparte
	VALUES ('7107', '8-144-00497')
INSERT INTO Imparte
	VALUES ('7987', '9-157-00145')
INSERT INTO Imparte
	VALUES ('8718', '3-073-02741')


/* Mecanica Industrial*/

INSERT INTO Imparte
	VALUES ('3015', '4-770-02256')
INSERT INTO Imparte
	VALUES ('3016', '8-515-027')
INSERT INTO Imparte
	VALUES ('3020', '4-128-00712')
INSERT INTO Imparte
	VALUES ('7987', 'N-021-02070')


/*Ing civil*/

INSERT INTO Imparte
	VALUES ('0069', '7-091-00392')
INSERT INTO Imparte
	VALUES ('7980', '8-167-00444')
INSERT INTO Imparte
	VALUES ('7982', '4-734-02048')
INSERT INTO Imparte
	VALUES ('7987', '7-083-00061')
INSERT INTO Imparte
	VALUES ('8718', '2-701-01350')

INSERT INTO Imparte
	VALUES ('0069', '8-0386-00337')
INSERT INTO Imparte
	VALUES ('0742', '8-479-00016')
INSERT INTO Imparte
	VALUES ('7982', '8-813-01875')
INSERT INTO Imparte
	VALUES ('7987', '6-043-00856')
INSERT INTO Imparte
	VALUES ('8718', '9-122-01404')


/*Electromecánica*/

INSERT INTO Imparte
	VALUES ('0862', '6-030-00351')
INSERT INTO Imparte
	VALUES ('1184', '8-230-02052')
INSERT INTO Imparte
	VALUES ('7107', '8-396-0695')
INSERT INTO Imparte
	VALUES ('7987', '9-084-2512')
INSERT INTO Imparte
	VALUES ('8718', 'N-0020-01013')

INSERT INTO Imparte
	VALUES ('0862', '8-821-1583')

INSERT INTO Imparte
	VALUES ('0862', '3-099-0832')
INSERT INTO Imparte
	VALUES ('1184', '8-414-0487')
INSERT INTO Imparte
	VALUES ('7987', '8-204-1660')
INSERT INTO Imparte
	VALUES ('8718', '8-363-0936')


INSERT INTO Imparte
	VALUES ('0862', '9-179-0050')

INSERT INTO Imparte
	VALUES ('0862', '8-0191-00020')
INSERT INTO Imparte
	VALUES ('1184', '8-219-1138')
INSERT INTO Imparte
	VALUES ('7107', '9-126-1001')
INSERT INTO Imparte
	VALUES ('7987', '4-0237-00014')


/*Industrial*/

INSERT INTO Imparte
	VALUES ('0764', '4-0133-00061')
INSERT INTO Imparte
	VALUES ('3015', '8-0368-00534')
INSERT INTO Imparte
	VALUES ('3016', '9-0053-00372')
INSERT INTO Imparte
	VALUES ('7987', '8-0312-00478')
INSERT INTO Imparte
	VALUES ('8890', 'N-0014-00788')

INSERT INTO Imparte
	VALUES ('0764', '4-0139-00398')
INSERT INTO Imparte
	VALUES ('3015', '3-715-2327')
INSERT INTO Imparte
	VALUES ('3016', '2-0084-00888')
INSERT INTO Imparte
	VALUES ('7987', '9-0151-00857')
INSERT INTO Imparte
	VALUES ('8718', '6-0083-00040')
INSERT INTO Imparte
	VALUES ('8890', '8-783-1595')

INSERT INTO Imparte
	VALUES ('0764', '3-0081-00936')
INSERT INTO Imparte
	VALUES ('3015', '2-0125-00517')
INSERT INTO Imparte
	VALUES ('7987', '9-0184-00774')
INSERT INTO Imparte
	VALUES ('8718', '8-0177-00929')
INSERT INTO Imparte
	VALUES ('8890', '6-0087-00687')

INSERT INTO Imparte
	VALUES ('3015', '8-0728-02038')
INSERT INTO Imparte
	VALUES ('7987', '4-0126-01155')
INSERT INTO Imparte
	VALUES ('8890', '8-0264-00356')

INSERT INTO Imparte
	VALUES ('3015', '9-179-0050')
INSERT INTO Imparte
	VALUES ('7987', '7-0094-00268')
INSERT INTO Imparte
	VALUES ('8890', '9-0718-02472')

INSERT INTO Imparte
	VALUES ('0764', '4-0191-00053')
INSERT INTO Imparte
	VALUES ('3016', '8-0850-02166')
INSERT INTO Imparte
	VALUES ('7987', '8-0454-00068')
INSERT INTO Imparte
	VALUES ('8890', '8-0748-02379')

INSERT INTO Imparte
	VALUES ('3015', '8-0803-01051')
INSERT INTO Imparte
	VALUES ('3016', '8-0318-00351')
INSERT INTO Imparte
	VALUES ('8890', '4-0110-00488')

/*mecánica*/

INSERT INTO Imparte
	VALUES ('0628', '8-0376-00866')
INSERT INTO Imparte
	VALUES ('7107', '8-0483-00502')
INSERT INTO Imparte
	VALUES ('7892', '9-0705-01227')
INSERT INTO Imparte
	VALUES ('7987', '8-0305-00371')

/*software*/

INSERT INTO Imparte
	VALUES ('0589', '6-0050-02179')
INSERT INTO Imparte
	VALUES ('0593', '3-0067-00423')
INSERT INTO Imparte
	VALUES ('0742', 'N-020-0745')
INSERT INTO Imparte
	VALUES ('0855', 'N-0014-00788')
INSERT INTO Imparte
	VALUES ('5000', '8-0858-00378')
INSERT INTO Imparte
	VALUES ('7987', '2-0134-00737')
	
INSERT INTO Imparte
	VALUES ('0589', '8-0239-01787')
INSERT INTO Imparte
	VALUES ('0593', '2-0705-00841')
INSERT INTO Imparte
	VALUES ('5000', '9-0728-00323')

INSERT INTO Imparte
	VALUES ('0589', '8-0785-00062')
INSERT INTO Imparte
	VALUES ('0855', '6-0087-00687')
INSERT INTO Imparte
	VALUES ('7987', '8-0213-01212')

/*geológica*/

INSERT INTO Imparte
	VALUES ('0069', '4-0110-00488')
INSERT INTO Imparte
	VALUES ('7980', '8-0394-00240')

/*mantenimiento*/

INSERT INTO Imparte
	VALUES ('7107', '4-0240-00971')

/*alimentos*/

INSERT INTO Imparte
	VALUES ('8355', '4-0722-01876')

/*Logística*/

INSERT INTO Imparte
	VALUES ('0998', '4-0757-00791')
INSERT INTO Imparte
	VALUES ('0999', '3-715-2327')

/*Energia y amb*/

INSERT INTO Imparte
	VALUES ('7107', '8-0706-01235')
INSERT INTO Imparte
	VALUES ('7892', '8-0718-00415')
INSERT INTO Imparte
	VALUES ('7987', '4-0142-00032')

/*portuaria*/

INSERT INTO Imparte
	VALUES ('0069', '6-0041-02376')
INSERT INTO Imparte
	VALUES ('0742', '2-0084-00888')
INSERT INTO Imparte
	VALUES ('7980', '8-0165-02617')
INSERT INTO Imparte
	VALUES ('7982', '8-0455-00822')

/* Aeronautica */

INSERT INTO Imparte
	VALUES ('0628', '8-0213-00973')
INSERT INTO Imparte
	VALUES ('7107', '8-0750-00143')
INSERT INTO Imparte
	VALUES ('7982', '8-0219-01138')
INSERT INTO Imparte
	VALUES ('7987', '2-0700-01546')

INSERT INTO Imparte
	VALUES ('0628', '2-0721-01970')
INSERT INTO Imparte
	VALUES ('7107', '8-0466-00645')
INSERT INTO Imparte
	VALUES ('7982', '2-0738-01106')
INSERT INTO Imparte
	VALUES ('7987', '2-0128-00854')

INSERT INTO Imparte
	VALUES ('1200', '4-0187-00150')
INSERT INTO Imparte
	VALUES ('7987', '7-0091-01795')
INSERT INTO Imparte
	VALUES ('8700', '8-0406-00225')
INSERT INTO Imparte
	VALUES ('8718', '9-0751-02380')

/*naval*/

INSERT INTO Imparte
	VALUES ('0628', '8-708-2079')

/* Ambiental */

INSERT INTO Imparte
	VALUES ('7980', '4-0183-00553')
INSERT INTO Imparte
	VALUES ('7982', '8-0309-00540')

INSERT INTO Imparte
	VALUES ('7980', '8-0750-00143')

/* electrónica y telecom */

INSERT INTO Imparte
	VALUES ('7107', '4-0183-00553')

/* sist e inf */

INSERT INTO Imparte
	VALUES ('0741', '4-0142-00108')
INSERT INTO Imparte
	VALUES ('0744', '8-0424-00061')

INSERT INTO Imparte
	VALUES ('0855', '8-783-1595')
INSERT INTO Imparte
	VALUES ('0744', '8-708-2079')